#,Name,Types,Generation,Legendary,HP,Attack,Defense,Sp. Atk,Sp. Def,Speed,Total
1,Bulbasaur,"Grass, Poison",1,False,45.0,49.0,49.0,65.0,65.0,45.0,318.0
2,Ivysaur,"Grass, Poison",1,False,60.0,62.0,63.0,80.0,80.0,60.0,405.0
3,Venusaur,"Grass, Poison",1,False,80.0,82.0,83.0,100.0,100.0,80.0,525.0
3,Mega Venusaur,"Grass, Poison",1,False,80.0,100.0,123.0,122.0,120.0,80.0,625.0
4,Charmander,Fire,1,False,39.0,52.0,43.0,60.0,50.0,65.0,309.0
5,Charmeleon,Fire,1,False,58.0,64.0,58.0,80.0,65.0,80.0,405.0
6,Mega Charizard X,"Fire, Dragon",1,False,78.0,130.0,111.0,130.0,85.0,100.0,634.0
6,Charizard,"Fire, Flying",1,False,78.0,84.0,78.0,109.0,85.0,100.0,534.0
6,Mega Charizard Y,"Fire, Flying",1,False,78.0,104.0,78.0,159.0,115.0,100.0,634.0
7,Squirtle,Water,1,False,44.0,48.0,65.0,50.0,64.0,43.0,314.0
8,Wartortle,Water,1,False,59.0,63.0,80.0,65.0,80.0,58.0,405.0
9,Mega Blastoise,Water,1,False,79.0,103.0,120.0,135.0,115.0,78.0,630.0
9,Blastoise,Water,1,False,79.0,83.0,100.0,85.0,105.0,78.0,530.0
10,Caterpie,Bug,1,False,45.0,30.0,35.0,20.0,20.0,45.0,195.0
11,Metapod,Bug,1,False,50.0,20.0,55.0,25.0,25.0,30.0,205.0
12,Butterfree,"Bug, Flying",1,False,60.0,45.0,50.0,90.0,80.0,70.0,395.0
13,Weedle,"Bug, Poison",1,False,40.0,35.0,30.0,20.0,20.0,50.0,195.0
14,Kakuna,"Bug, Poison",1,False,45.0,25.0,50.0,25.0,25.0,35.0,205.0
15,Mega Beedrill,"Bug, Poison",1,False,65.0,150.0,40.0,15.0,80.0,145.0,495.0
15,Beedrill,"Bug, Poison",1,False,65.0,90.0,40.0,45.0,80.0,75.0,395.0
16,Pidgey,"Normal, Flying",1,False,40.0,45.0,40.0,35.0,35.0,56.0,251.0
17,Pidgeotto,"Normal, Flying",1,False,63.0,60.0,55.0,50.0,50.0,71.0,349.0
18,Pidgeot,"Normal, Flying",1,False,83.0,80.0,75.0,70.0,70.0,101.0,479.0
18,Mega Pidgeot,"Normal, Flying",1,False,83.0,80.0,80.0,135.0,80.0,121.0,579.0
19,Rattata,Normal,1,False,30.0,56.0,35.0,25.0,35.0,72.0,253.0
20,Raticate,Normal,1,False,55.0,81.0,60.0,50.0,70.0,97.0,413.0
21,Spearow,"Normal, Flying",1,False,40.0,60.0,30.0,31.0,31.0,70.0,262.0
22,Fearow,"Normal, Flying",1,False,65.0,90.0,65.0,61.0,61.0,100.0,442.0
23,Ekans,Poison,1,False,35.0,60.0,44.0,40.0,54.0,55.0,288.0
24,Arbok,Poison,1,False,60.0,85.0,69.0,65.0,79.0,80.0,438.0
25,Pikachu,Electric,1,False,35.0,55.0,40.0,50.0,50.0,90.0,320.0
26,Raichu,Electric,1,False,60.0,90.0,55.0,90.0,80.0,110.0,485.0
27,Sandshrew,Ground,1,False,50.0,75.0,85.0,20.0,30.0,40.0,300.0
28,Sandslash,Ground,1,False,75.0,100.0,110.0,45.0,55.0,65.0,450.0
29,Nidoran♀,Poison,1,False,55.0,47.0,52.0,40.0,40.0,41.0,275.0
30,Nidorina,Poison,1,False,70.0,62.0,67.0,55.0,55.0,56.0,365.0
31,Nidoqueen,"Poison, Ground",1,False,90.0,92.0,87.0,75.0,85.0,76.0,505.0
32,Nidoran♂,Poison,1,False,46.0,57.0,40.0,40.0,40.0,50.0,273.0
33,Nidorino,Poison,1,False,61.0,72.0,57.0,55.0,55.0,65.0,365.0
34,Nidoking,"Poison, Ground",1,False,81.0,102.0,77.0,85.0,75.0,85.0,505.0
35,Clefairy,Fairy,1,False,70.0,45.0,48.0,60.0,65.0,35.0,323.0
36,Clefable,Fairy,1,False,95.0,70.0,73.0,95.0,90.0,60.0,483.0
37,Vulpix,Fire,1,False,38.0,41.0,40.0,50.0,65.0,65.0,299.0
38,Ninetales,Fire,1,False,73.0,76.0,75.0,81.0,100.0,100.0,505.0
39,Jigglypuff,"Normal, Fairy",1,False,115.0,45.0,20.0,45.0,25.0,20.0,270.0
40,Wigglytuff,"Normal, Fairy",1,False,140.0,70.0,45.0,85.0,50.0,45.0,435.0
41,Zubat,"Poison, Flying",1,False,40.0,45.0,35.0,30.0,40.0,55.0,245.0
42,Golbat,"Poison, Flying",1,False,75.0,80.0,70.0,65.0,75.0,90.0,455.0
43,Oddish,"Grass, Poison",1,False,45.0,50.0,55.0,75.0,65.0,30.0,320.0
44,Gloom,"Grass, Poison",1,False,60.0,65.0,70.0,85.0,75.0,40.0,395.0
45,Vileplume,"Grass, Poison",1,False,75.0,80.0,85.0,110.0,90.0,50.0,490.0
46,Paras,"Bug, Grass",1,False,35.0,70.0,55.0,45.0,55.0,25.0,285.0
47,Parasect,"Bug, Grass",1,False,60.0,95.0,80.0,60.0,80.0,30.0,405.0
48,Venonat,"Bug, Poison",1,False,60.0,55.0,50.0,40.0,55.0,45.0,305.0
49,Venomoth,"Bug, Poison",1,False,70.0,65.0,60.0,90.0,75.0,90.0,450.0
50,Diglett,Ground,1,False,10.0,55.0,25.0,35.0,45.0,95.0,265.0
51,Dugtrio,Ground,1,False,35.0,80.0,50.0,50.0,70.0,120.0,405.0
52,Meowth,Normal,1,False,40.0,45.0,35.0,40.0,40.0,90.0,290.0
53,Persian,Normal,1,False,65.0,70.0,60.0,65.0,65.0,115.0,440.0
54,Psyduck,Water,1,False,50.0,52.0,48.0,65.0,50.0,55.0,320.0
55,Golduck,Water,1,False,80.0,82.0,78.0,95.0,80.0,85.0,500.0
56,Mankey,Fighting,1,False,40.0,80.0,35.0,35.0,45.0,70.0,305.0
57,Primeape,Fighting,1,False,65.0,105.0,60.0,60.0,70.0,95.0,455.0
58,Growlithe,Fire,1,False,55.0,70.0,45.0,70.0,50.0,60.0,350.0
59,Arcanine,Fire,1,False,90.0,110.0,80.0,100.0,80.0,95.0,555.0
60,Poliwag,Water,1,False,40.0,50.0,40.0,40.0,40.0,90.0,300.0
61,Poliwhirl,Water,1,False,65.0,65.0,65.0,50.0,50.0,90.0,385.0
62,Poliwrath,"Water, Fighting",1,False,90.0,95.0,95.0,70.0,90.0,70.0,510.0
63,Abra,Psychic,1,False,25.0,20.0,15.0,105.0,55.0,90.0,310.0
64,Kadabra,Psychic,1,False,40.0,35.0,30.0,120.0,70.0,105.0,400.0
65,Mega Alakazam,Psychic,1,False,55.0,50.0,65.0,175.0,95.0,150.0,590.0
65,Alakazam,Psychic,1,False,55.0,50.0,45.0,135.0,95.0,120.0,500.0
66,Machop,Fighting,1,False,70.0,80.0,50.0,35.0,35.0,35.0,305.0
67,Machoke,Fighting,1,False,80.0,100.0,70.0,50.0,60.0,45.0,405.0
68,Machamp,Fighting,1,False,90.0,130.0,80.0,65.0,85.0,55.0,505.0
69,Bellsprout,"Grass, Poison",1,False,50.0,75.0,35.0,70.0,30.0,40.0,300.0
70,Weepinbell,"Grass, Poison",1,False,65.0,90.0,50.0,85.0,45.0,55.0,390.0
71,Victreebel,"Grass, Poison",1,False,80.0,105.0,65.0,100.0,70.0,70.0,490.0
72,Tentacool,"Water, Poison",1,False,40.0,40.0,35.0,50.0,100.0,70.0,335.0
73,Tentacruel,"Water, Poison",1,False,80.0,70.0,65.0,80.0,120.0,100.0,515.0
74,Geodude,"Rock, Ground",1,False,40.0,80.0,100.0,30.0,30.0,20.0,300.0
75,Graveler,"Rock, Ground",1,False,55.0,95.0,115.0,45.0,45.0,35.0,390.0
76,Golem,"Rock, Ground",1,False,80.0,120.0,130.0,55.0,65.0,45.0,495.0
77,Ponyta,Fire,1,False,50.0,85.0,55.0,65.0,65.0,90.0,410.0
78,Rapidash,Fire,1,False,65.0,100.0,70.0,80.0,80.0,105.0,500.0
79,Slowpoke,"Water, Psychic",1,False,90.0,65.0,65.0,40.0,40.0,15.0,315.0
80,Mega Slowbro,"Water, Psychic",1,False,95.0,75.0,180.0,130.0,80.0,30.0,590.0
80,Slowbro,"Water, Psychic",1,False,95.0,75.0,110.0,100.0,80.0,30.0,490.0
81,Magnemite,"Electric, Steel",1,False,25.0,35.0,70.0,95.0,55.0,45.0,325.0
82,Magneton,"Electric, Steel",1,False,50.0,60.0,95.0,120.0,70.0,70.0,465.0
83,Farfetch'D,"Normal, Flying",1,False,52.0,65.0,55.0,58.0,62.0,60.0,352.0
84,Doduo,"Normal, Flying",1,False,35.0,85.0,45.0,35.0,35.0,75.0,310.0
85,Dodrio,"Normal, Flying",1,False,60.0,110.0,70.0,60.0,60.0,100.0,460.0
86,Seel,Water,1,False,65.0,45.0,55.0,45.0,70.0,45.0,325.0
87,Dewgong,"Water, Ice",1,False,90.0,70.0,80.0,70.0,95.0,70.0,475.0
88,Grimer,Poison,1,False,80.0,80.0,50.0,40.0,50.0,25.0,325.0
89,Muk,Poison,1,False,105.0,105.0,75.0,65.0,100.0,50.0,500.0
90,Shellder,Water,1,False,30.0,65.0,100.0,45.0,25.0,40.0,305.0
91,Cloyster,"Water, Ice",1,False,50.0,95.0,180.0,85.0,45.0,70.0,525.0
92,Gastly,"Ghost, Poison",1,False,30.0,35.0,30.0,100.0,35.0,80.0,310.0
93,Haunter,"Ghost, Poison",1,False,45.0,50.0,45.0,115.0,55.0,95.0,405.0
94,Gengar,"Ghost, Poison",1,False,60.0,65.0,60.0,130.0,75.0,110.0,500.0
94,Mega Gengar,"Ghost, Poison",1,False,60.0,65.0,80.0,170.0,95.0,130.0,600.0
95,Onix,"Rock, Ground",1,False,35.0,45.0,160.0,30.0,45.0,70.0,385.0
96,Drowzee,Psychic,1,False,60.0,48.0,45.0,43.0,90.0,42.0,328.0
97,Hypno,Psychic,1,False,85.0,73.0,70.0,73.0,115.0,67.0,483.0
98,Krabby,Water,1,False,30.0,105.0,90.0,25.0,25.0,50.0,325.0
99,Kingler,Water,1,False,55.0,130.0,115.0,50.0,50.0,75.0,475.0
100,Voltorb,Electric,1,False,40.0,30.0,50.0,55.0,55.0,100.0,330.0
101,Electrode,Electric,1,False,60.0,50.0,70.0,80.0,80.0,140.0,480.0
102,Exeggcute,"Grass, Psychic",1,False,60.0,40.0,80.0,60.0,45.0,40.0,325.0
103,Exeggutor,"Grass, Psychic",1,False,95.0,95.0,85.0,125.0,65.0,55.0,520.0
104,Cubone,Ground,1,False,50.0,50.0,95.0,40.0,50.0,35.0,320.0
105,Marowak,Ground,1,False,60.0,80.0,110.0,50.0,80.0,45.0,425.0
106,Hitmonlee,Fighting,1,False,50.0,120.0,53.0,35.0,110.0,87.0,455.0
107,Hitmonchan,Fighting,1,False,50.0,105.0,79.0,35.0,110.0,76.0,455.0
108,Lickitung,Normal,1,False,90.0,55.0,75.0,60.0,75.0,30.0,385.0
109,Koffing,Poison,1,False,40.0,65.0,95.0,60.0,45.0,35.0,340.0
110,Weezing,Poison,1,False,65.0,90.0,120.0,85.0,70.0,60.0,490.0
111,Rhyhorn,"Ground, Rock",1,False,80.0,85.0,95.0,30.0,30.0,25.0,345.0
112,Rhydon,"Ground, Rock",1,False,105.0,130.0,120.0,45.0,45.0,40.0,485.0
113,Chansey,Normal,1,False,250.0,5.0,5.0,35.0,105.0,50.0,450.0
114,Tangela,Grass,1,False,65.0,55.0,115.0,100.0,40.0,60.0,435.0
115,Kangaskhan,Normal,1,False,105.0,95.0,80.0,40.0,80.0,90.0,490.0
115,Mega Kangaskhan,Normal,1,False,105.0,125.0,100.0,60.0,100.0,100.0,590.0
116,Horsea,Water,1,False,30.0,40.0,70.0,70.0,25.0,60.0,295.0
117,Seadra,Water,1,False,55.0,65.0,95.0,95.0,45.0,85.0,440.0
118,Goldeen,Water,1,False,45.0,67.0,60.0,35.0,50.0,63.0,320.0
119,Seaking,Water,1,False,80.0,92.0,65.0,65.0,80.0,68.0,450.0
120,Staryu,Water,1,False,30.0,45.0,55.0,70.0,55.0,85.0,340.0
121,Starmie,"Water, Psychic",1,False,60.0,75.0,85.0,100.0,85.0,115.0,520.0
122,Mr. Mime,"Psychic, Fairy",1,False,40.0,45.0,65.0,100.0,120.0,90.0,460.0
123,Scyther,"Bug, Flying",1,False,70.0,110.0,80.0,55.0,80.0,105.0,500.0
124,Jynx,"Ice, Psychic",1,False,65.0,50.0,35.0,115.0,95.0,95.0,455.0
125,Electabuzz,Electric,1,False,65.0,83.0,57.0,95.0,85.0,105.0,490.0
126,Magmar,Fire,1,False,65.0,95.0,57.0,100.0,85.0,93.0,495.0
127,Mega Pinsir,"Bug, Flying",1,False,65.0,155.0,120.0,65.0,90.0,105.0,600.0
127,Pinsir,Bug,1,False,65.0,125.0,100.0,55.0,70.0,85.0,500.0
128,Tauros,Normal,1,False,75.0,100.0,95.0,40.0,70.0,110.0,490.0
129,Magikarp,Water,1,False,20.0,10.0,55.0,15.0,20.0,80.0,200.0
130,Gyarados,"Water, Flying",1,False,95.0,125.0,79.0,60.0,100.0,81.0,540.0
130,Mega Gyarados,"Water, Dark",1,False,95.0,155.0,109.0,70.0,130.0,81.0,640.0
131,Lapras,"Water, Ice",1,False,130.0,85.0,80.0,85.0,95.0,60.0,535.0
132,Ditto,Normal,1,False,48.0,48.0,48.0,48.0,48.0,48.0,288.0
133,Eevee,Normal,1,False,55.0,55.0,50.0,45.0,65.0,55.0,325.0
134,Vaporeon,Water,1,False,130.0,65.0,60.0,110.0,95.0,65.0,525.0
135,Jolteon,Electric,1,False,65.0,65.0,60.0,110.0,95.0,130.0,525.0
136,Flareon,Fire,1,False,65.0,130.0,60.0,95.0,110.0,65.0,525.0
137,Porygon,Normal,1,False,65.0,60.0,70.0,85.0,75.0,40.0,395.0
138,Omanyte,"Rock, Water",1,False,35.0,40.0,100.0,90.0,55.0,35.0,355.0
139,Omastar,"Rock, Water",1,False,70.0,60.0,125.0,115.0,70.0,55.0,495.0
140,Kabuto,"Rock, Water",1,False,30.0,80.0,90.0,55.0,45.0,55.0,355.0
141,Kabutops,"Rock, Water",1,False,60.0,115.0,105.0,65.0,70.0,80.0,495.0
142,Aerodactyl,"Rock, Flying",1,False,80.0,105.0,65.0,60.0,75.0,130.0,515.0
142,Mega Aerodactyl,"Rock, Flying",1,False,80.0,135.0,85.0,70.0,95.0,150.0,615.0
143,Snorlax,Normal,1,False,160.0,110.0,65.0,65.0,110.0,30.0,540.0
144,Articuno,"Ice, Flying",1,True,90.0,85.0,100.0,95.0,125.0,85.0,580.0
145,Zapdos,"Electric, Flying",1,True,90.0,90.0,85.0,125.0,90.0,100.0,580.0
146,Moltres,"Fire, Flying",1,True,90.0,100.0,90.0,125.0,85.0,90.0,580.0
147,Dratini,Dragon,1,False,41.0,64.0,45.0,50.0,50.0,50.0,300.0
148,Dragonair,Dragon,1,False,61.0,84.0,65.0,70.0,70.0,70.0,420.0
149,Dragonite,"Dragon, Flying",1,False,91.0,134.0,95.0,100.0,100.0,80.0,600.0
150,Mega Mewtwo Y,Psychic,1,True,106.0,150.0,70.0,194.0,120.0,140.0,780.0
150,Mega Mewtwo X,"Psychic, Fighting",1,True,106.0,190.0,100.0,154.0,100.0,130.0,780.0
150,Mewtwo,Psychic,1,True,106.0,110.0,90.0,154.0,90.0,130.0,680.0
151,Mew,Psychic,2,False,100.0,100.0,100.0,100.0,100.0,100.0,600.0
152,Chikorita,Grass,2,False,45.0,49.0,65.0,49.0,65.0,45.0,318.0
153,Bayleef,Grass,2,False,60.0,62.0,80.0,63.0,80.0,60.0,405.0
154,Meganium,Grass,2,False,80.0,82.0,100.0,83.0,100.0,80.0,525.0
155,Cyndaquil,Fire,2,False,39.0,52.0,43.0,60.0,50.0,65.0,309.0
156,Quilava,Fire,2,False,58.0,64.0,58.0,80.0,65.0,80.0,405.0
157,Typhlosion,Fire,2,False,78.0,84.0,78.0,109.0,85.0,100.0,534.0
158,Totodile,Water,2,False,50.0,65.0,64.0,44.0,48.0,43.0,314.0
159,Croconaw,Water,2,False,65.0,80.0,80.0,59.0,63.0,58.0,405.0
160,Feraligatr,Water,2,False,85.0,105.0,100.0,79.0,83.0,78.0,530.0
161,Sentret,Normal,2,False,35.0,46.0,34.0,35.0,45.0,20.0,215.0
162,Furret,Normal,2,False,85.0,76.0,64.0,45.0,55.0,90.0,415.0
163,Hoothoot,"Normal, Flying",2,False,60.0,30.0,30.0,36.0,56.0,50.0,262.0
164,Noctowl,"Normal, Flying",2,False,100.0,50.0,50.0,76.0,96.0,70.0,442.0
165,Ledyba,"Bug, Flying",2,False,40.0,20.0,30.0,40.0,80.0,55.0,265.0
166,Ledian,"Bug, Flying",2,False,55.0,35.0,50.0,55.0,110.0,85.0,390.0
167,Spinarak,"Bug, Poison",2,False,35.0,35.0,35.0,35.0,35.0,35.0,250.0
168,Ariados,"Bug, Poison",2,False,70.0,90.0,70.0,60.0,60.0,40.0,390.0
169,Crobat,"Poison, Flying",2,False,85.0,90.0,80.0,70.0,80.0,130.0,535.0
170,Chinchou,"Water, Electric",2,False,75.0,38.0,38.0,56.0,56.0,67.0,330.0
171,Lanturn,"Water, Electric",2,False,125.0,58.0,58.0,76.0,76.0,67.0,460.0
172,Pichu,Electric,2,False,20.0,40.0,15.0,35.0,35.0,60.0,205.0
173,Cleffa,Fairy,2,False,50.0,25.0,28.0,45.0,55.0,15.0,218.0
174,Igglybuff,"Normal, Fairy",2,False,90.0,30.0,15.0,40.0,20.0,15.0,210.0
175,Togepi,Fairy,2,False,35.0,20.0,65.0,40.0,65.0,20.0,245.0
176,Togetic,"Fairy, Flying",2,False,55.0,40.0,85.0,80.0,105.0,40.0,405.0
177,Natu,"Psychic, Flying",2,False,40.0,50.0,45.0,70.0,45.0,70.0,320.0
178,Xatu,"Psychic, Flying",2,False,65.0,75.0,70.0,95.0,70.0,95.0,470.0
179,Mareep,Electric,2,False,55.0,40.0,40.0,65.0,45.0,35.0,280.0
180,Flaaffy,Electric,2,False,70.0,55.0,55.0,80.0,60.0,45.0,365.0
181,Mega Ampharos,"Electric, Dragon",2,False,90.0,95.0,105.0,165.0,110.0,45.0,610.0
181,Ampharos,Electric,2,False,90.0,75.0,85.0,115.0,90.0,55.0,510.0
182,Bellossom,Grass,2,False,75.0,80.0,95.0,90.0,100.0,50.0,490.0
183,Marill,"Water, Fairy",2,False,70.0,20.0,50.0,20.0,50.0,40.0,250.0
184,Azumarill,"Water, Fairy",2,False,100.0,50.0,80.0,60.0,80.0,50.0,420.0
185,Sudowoodo,Rock,2,False,70.0,100.0,115.0,30.0,65.0,30.0,410.0
186,Politoed,Water,2,False,90.0,75.0,75.0,90.0,100.0,70.0,500.0
187,Hoppip,"Grass, Flying",2,False,35.0,35.0,40.0,35.0,55.0,50.0,250.0
188,Skiploom,"Grass, Flying",2,False,55.0,45.0,50.0,45.0,65.0,80.0,340.0
189,Jumpluff,"Grass, Flying",2,False,75.0,55.0,70.0,55.0,95.0,110.0,460.0
190,Aipom,Normal,2,False,55.0,70.0,55.0,40.0,55.0,85.0,360.0
191,Sunkern,Grass,2,False,30.0,30.0,30.0,30.0,30.0,30.0,180.0
192,Sunflora,Grass,2,False,75.0,75.0,55.0,105.0,85.0,30.0,425.0
193,Yanma,"Bug, Flying",2,False,65.0,65.0,45.0,75.0,45.0,95.0,390.0
194,Wooper,"Water, Ground",2,False,55.0,45.0,45.0,25.0,25.0,15.0,210.0
195,Quagsire,"Water, Ground",2,False,95.0,85.0,85.0,65.0,65.0,35.0,430.0
196,Espeon,Psychic,2,False,65.0,65.0,60.0,130.0,95.0,110.0,525.0
197,Umbreon,Dark,2,False,95.0,65.0,110.0,60.0,130.0,65.0,525.0
198,Murkrow,"Dark, Flying",2,False,60.0,85.0,42.0,85.0,42.0,91.0,405.0
199,Slowking,"Water, Psychic",2,False,95.0,75.0,80.0,100.0,110.0,30.0,490.0
200,Misdreavus,Ghost,2,False,60.0,60.0,60.0,85.0,85.0,85.0,435.0
201,Unown,Psychic,2,False,48.0,72.0,48.0,72.0,48.0,48.0,336.0
202,Wobbuffet,Psychic,2,False,190.0,33.0,58.0,33.0,58.0,33.0,405.0
203,Girafarig,"Normal, Psychic",2,False,70.0,80.0,65.0,90.0,65.0,85.0,455.0
204,Pineco,Bug,2,False,50.0,65.0,90.0,35.0,35.0,15.0,290.0
205,Forretress,"Bug, Steel",2,False,75.0,90.0,140.0,60.0,60.0,40.0,465.0
206,Dunsparce,Normal,2,False,100.0,70.0,70.0,65.0,65.0,45.0,415.0
207,Gligar,"Ground, Flying",2,False,65.0,75.0,105.0,35.0,65.0,85.0,430.0
208,Steelix,"Steel, Ground",2,False,75.0,85.0,200.0,55.0,65.0,30.0,510.0
208,Mega Steelix,"Steel, Ground",2,False,75.0,125.0,230.0,55.0,95.0,30.0,610.0
209,Snubbull,Fairy,2,False,60.0,80.0,50.0,40.0,40.0,30.0,300.0
210,Granbull,Fairy,2,False,90.0,120.0,75.0,60.0,60.0,45.0,450.0
211,Qwilfish,"Water, Poison",2,False,65.0,95.0,75.0,55.0,55.0,85.0,430.0
212,Mega Scizor,"Bug, Steel",2,False,70.0,150.0,140.0,65.0,100.0,75.0,600.0
212,Scizor,"Bug, Steel",2,False,70.0,130.0,100.0,55.0,80.0,65.0,500.0
213,Shuckle,"Bug, Rock",2,False,20.0,10.0,230.0,10.0,230.0,5.0,505.0
214,Heracross,"Bug, Fighting",2,False,80.0,125.0,75.0,40.0,95.0,85.0,500.0
214,Mega Heracross,"Bug, Fighting",2,False,80.0,185.0,115.0,40.0,105.0,75.0,600.0
215,Sneasel,"Dark, Ice",2,False,55.0,95.0,55.0,35.0,75.0,115.0,430.0
216,Teddiursa,Normal,2,False,60.0,80.0,50.0,50.0,50.0,40.0,330.0
217,Ursaring,Normal,2,False,90.0,130.0,75.0,75.0,75.0,55.0,500.0
218,Slugma,Fire,2,False,40.0,40.0,40.0,70.0,40.0,20.0,250.0
219,Magcargo,"Fire, Rock",2,False,50.0,50.0,120.0,80.0,80.0,30.0,410.0
220,Swinub,"Ice, Ground",2,False,50.0,50.0,40.0,30.0,30.0,50.0,250.0
221,Piloswine,"Ice, Ground",2,False,100.0,100.0,80.0,60.0,60.0,50.0,450.0
222,Corsola,"Water, Rock",2,False,55.0,55.0,85.0,65.0,85.0,35.0,380.0
223,Remoraid,Water,2,False,35.0,65.0,35.0,65.0,35.0,65.0,300.0
224,Octillery,Water,2,False,75.0,105.0,75.0,105.0,75.0,45.0,480.0
225,Delibird,"Ice, Flying",2,False,45.0,55.0,45.0,65.0,45.0,75.0,330.0
226,Mantine,"Water, Flying",2,False,65.0,40.0,70.0,80.0,140.0,70.0,465.0
227,Skarmory,"Steel, Flying",2,False,65.0,80.0,140.0,40.0,70.0,70.0,465.0
228,Houndour,"Dark, Fire",2,False,45.0,60.0,30.0,80.0,50.0,65.0,330.0
229,Mega Houndoom,"Dark, Fire",2,False,75.0,90.0,90.0,140.0,90.0,115.0,600.0
229,Houndoom,"Dark, Fire",2,False,75.0,90.0,50.0,110.0,80.0,95.0,500.0
230,Kingdra,"Water, Dragon",2,False,75.0,95.0,95.0,95.0,95.0,85.0,540.0
231,Phanpy,Ground,2,False,90.0,60.0,60.0,40.0,40.0,40.0,330.0
232,Donphan,Ground,2,False,90.0,120.0,120.0,60.0,60.0,50.0,500.0
233,Porygon2,Normal,2,False,85.0,80.0,90.0,105.0,95.0,60.0,515.0
234,Stantler,Normal,2,False,73.0,95.0,62.0,85.0,65.0,85.0,465.0
235,Smeargle,Normal,2,False,55.0,20.0,35.0,20.0,45.0,75.0,250.0
236,Tyrogue,Fighting,2,False,35.0,35.0,35.0,35.0,35.0,35.0,210.0
237,Hitmontop,Fighting,2,False,50.0,95.0,95.0,35.0,110.0,70.0,455.0
238,Smoochum,"Ice, Psychic",2,False,45.0,30.0,15.0,85.0,65.0,65.0,305.0
239,Elekid,Electric,2,False,45.0,63.0,37.0,65.0,55.0,95.0,360.0
240,Magby,Fire,2,False,45.0,75.0,37.0,70.0,55.0,83.0,365.0
241,Miltank,Normal,2,False,95.0,80.0,105.0,40.0,70.0,100.0,490.0
242,Blissey,Normal,2,False,255.0,10.0,10.0,75.0,135.0,55.0,540.0
243,Raikou,Electric,2,True,90.0,85.0,75.0,115.0,100.0,115.0,580.0
244,Entei,Fire,2,True,115.0,115.0,85.0,90.0,75.0,100.0,580.0
245,Suicune,Water,2,True,100.0,75.0,115.0,90.0,115.0,85.0,580.0
246,Larvitar,"Rock, Ground",2,False,50.0,64.0,50.0,45.0,50.0,41.0,300.0
247,Pupitar,"Rock, Ground",2,False,70.0,84.0,70.0,65.0,70.0,51.0,410.0
248,Mega Tyranitar,"Rock, Dark",2,False,100.0,164.0,150.0,95.0,120.0,71.0,700.0
248,Tyranitar,"Rock, Dark",2,False,100.0,134.0,110.0,95.0,100.0,61.0,600.0
249,Lugia,"Psychic, Flying",2,True,106.0,90.0,130.0,90.0,154.0,110.0,680.0
250,Ho-Oh,"Fire, Flying",2,True,106.0,130.0,90.0,110.0,154.0,90.0,680.0
251,Celebi,"Psychic, Grass",2,False,100.0,100.0,100.0,100.0,100.0,100.0,600.0
252,Treecko,Grass,3,False,40.0,45.0,35.0,65.0,55.0,70.0,310.0
253,Grovyle,Grass,3,False,50.0,65.0,45.0,85.0,65.0,95.0,405.0
254,Mega Sceptile,"Grass, Dragon",3,False,70.0,110.0,75.0,145.0,85.0,145.0,630.0
254,Sceptile,Grass,3,False,70.0,85.0,65.0,105.0,85.0,120.0,530.0
255,Torchic,Fire,3,False,45.0,60.0,40.0,70.0,50.0,45.0,310.0
256,Combusken,"Fire, Fighting",3,False,60.0,85.0,60.0,85.0,60.0,55.0,405.0
257,Blaziken,"Fire, Fighting",3,False,80.0,120.0,70.0,110.0,70.0,80.0,530.0
257,Mega Blaziken,"Fire, Fighting",3,False,80.0,160.0,80.0,130.0,80.0,100.0,630.0
258,Mudkip,Water,3,False,50.0,70.0,50.0,50.0,50.0,40.0,310.0
259,Marshtomp,"Water, Ground",3,False,70.0,85.0,70.0,60.0,70.0,50.0,405.0
260,Swampert,"Water, Ground",3,False,100.0,110.0,90.0,85.0,90.0,60.0,535.0
260,Mega Swampert,"Water, Ground",3,False,100.0,150.0,110.0,95.0,110.0,70.0,635.0
261,Poochyena,Dark,3,False,35.0,55.0,35.0,30.0,30.0,35.0,220.0
262,Mightyena,Dark,3,False,70.0,90.0,70.0,60.0,60.0,70.0,420.0
263,Zigzagoon,Normal,3,False,38.0,30.0,41.0,30.0,41.0,60.0,240.0
264,Linoone,Normal,3,False,78.0,70.0,61.0,50.0,61.0,100.0,420.0
265,Wurmple,Bug,3,False,45.0,45.0,35.0,20.0,30.0,20.0,195.0
266,Silcoon,Bug,3,False,50.0,35.0,55.0,25.0,25.0,15.0,205.0
267,Beautifly,"Bug, Flying",3,False,60.0,70.0,50.0,100.0,50.0,65.0,395.0
268,Cascoon,Bug,3,False,50.0,35.0,55.0,25.0,25.0,15.0,205.0
269,Dustox,"Bug, Poison",3,False,60.0,50.0,70.0,50.0,90.0,65.0,385.0
270,Lotad,"Water, Grass",3,False,40.0,30.0,30.0,40.0,50.0,30.0,220.0
271,Lombre,"Water, Grass",3,False,60.0,50.0,50.0,60.0,70.0,50.0,340.0
272,Ludicolo,"Water, Grass",3,False,80.0,70.0,70.0,90.0,100.0,70.0,480.0
273,Seedot,Grass,3,False,40.0,40.0,50.0,30.0,30.0,30.0,220.0
274,Nuzleaf,"Grass, Dark",3,False,70.0,70.0,40.0,60.0,40.0,60.0,340.0
275,Shiftry,"Grass, Dark",3,False,90.0,100.0,60.0,90.0,60.0,80.0,480.0
276,Taillow,"Normal, Flying",3,False,40.0,55.0,30.0,30.0,30.0,85.0,270.0
277,Swellow,"Normal, Flying",3,False,60.0,85.0,60.0,50.0,50.0,125.0,430.0
278,Wingull,"Water, Flying",3,False,40.0,30.0,30.0,55.0,30.0,85.0,270.0
279,Pelipper,"Water, Flying",3,False,60.0,50.0,100.0,85.0,70.0,65.0,430.0
280,Ralts,"Psychic, Fairy",3,False,28.0,25.0,25.0,45.0,35.0,40.0,198.0
281,Kirlia,"Psychic, Fairy",3,False,38.0,35.0,35.0,65.0,55.0,50.0,278.0
282,Gardevoir,"Psychic, Fairy",3,False,68.0,65.0,65.0,125.0,115.0,80.0,518.0
282,Mega Gardevoir,"Psychic, Fairy",3,False,68.0,85.0,65.0,165.0,135.0,100.0,618.0
283,Surskit,"Bug, Water",3,False,40.0,30.0,32.0,50.0,52.0,65.0,269.0
284,Masquerain,"Bug, Flying",3,False,70.0,60.0,62.0,80.0,82.0,60.0,414.0
285,Shroomish,Grass,3,False,60.0,40.0,60.0,40.0,60.0,35.0,295.0
286,Breloom,"Grass, Fighting",3,False,60.0,130.0,80.0,60.0,60.0,70.0,460.0
287,Slakoth,Normal,3,False,60.0,60.0,60.0,35.0,35.0,30.0,280.0
288,Vigoroth,Normal,3,False,80.0,80.0,80.0,55.0,55.0,90.0,440.0
289,Slaking,Normal,3,False,150.0,160.0,100.0,95.0,65.0,100.0,670.0
290,Nincada,"Bug, Ground",3,False,31.0,45.0,90.0,30.0,30.0,40.0,266.0
291,Ninjask,"Bug, Flying",3,False,61.0,90.0,45.0,50.0,50.0,160.0,456.0
292,Shedinja,"Bug, Ghost",3,False,1.0,90.0,45.0,30.0,30.0,40.0,236.0
293,Whismur,Normal,3,False,64.0,51.0,23.0,51.0,23.0,28.0,240.0
294,Loudred,Normal,3,False,84.0,71.0,43.0,71.0,43.0,48.0,360.0
295,Exploud,Normal,3,False,104.0,91.0,63.0,91.0,73.0,68.0,490.0
296,Makuhita,Fighting,3,False,72.0,60.0,30.0,20.0,30.0,25.0,237.0
297,Hariyama,Fighting,3,False,144.0,120.0,60.0,40.0,60.0,50.0,474.0
298,Azurill,"Normal, Fairy",3,False,50.0,20.0,40.0,20.0,40.0,20.0,190.0
299,Nosepass,Rock,3,False,30.0,45.0,135.0,45.0,90.0,30.0,375.0
300,Skitty,Normal,3,False,50.0,45.0,45.0,35.0,35.0,50.0,260.0
301,Delcatty,Normal,3,False,70.0,65.0,65.0,55.0,55.0,70.0,380.0
302,Mega Sableye,"Dark, Ghost",3,False,50.0,85.0,125.0,85.0,115.0,20.0,480.0
302,Sableye,"Dark, Ghost",3,False,50.0,75.0,75.0,65.0,65.0,50.0,380.0
303,Mega Mawile,"Steel, Fairy",3,False,50.0,105.0,125.0,55.0,95.0,50.0,480.0
303,Mawile,"Steel, Fairy",3,False,50.0,85.0,85.0,55.0,55.0,50.0,380.0
304,Aron,"Steel, Rock",3,False,50.0,70.0,100.0,40.0,40.0,30.0,330.0
305,Lairon,"Steel, Rock",3,False,60.0,90.0,140.0,50.0,50.0,40.0,430.0
306,Aggron,"Steel, Rock",3,False,70.0,110.0,180.0,60.0,60.0,50.0,530.0
306,Mega Aggron,Steel,3,False,70.0,140.0,230.0,60.0,80.0,50.0,630.0
307,Meditite,"Fighting, Psychic",3,False,30.0,40.0,55.0,40.0,55.0,60.0,280.0
308,Medicham,"Fighting, Psychic",3,False,60.0,60.0,75.0,60.0,75.0,80.0,410.0
308,Mega Medicham,"Fighting, Psychic",3,False,60.0,100.0,85.0,80.0,85.0,100.0,510.0
309,Electrike,Electric,3,False,40.0,45.0,40.0,65.0,40.0,65.0,295.0
310,Mega Manectric,Electric,3,False,70.0,75.0,80.0,135.0,80.0,135.0,575.0
310,Manectric,Electric,3,False,70.0,75.0,60.0,105.0,60.0,105.0,475.0
311,Plusle,Electric,3,False,60.0,50.0,40.0,85.0,75.0,95.0,405.0
312,Minun,Electric,3,False,60.0,40.0,50.0,75.0,85.0,95.0,405.0
313,Volbeat,Bug,3,False,65.0,73.0,55.0,47.0,75.0,85.0,400.0
314,Illumise,Bug,3,False,65.0,47.0,55.0,73.0,75.0,85.0,400.0
315,Roselia,"Grass, Poison",3,False,50.0,60.0,45.0,100.0,80.0,65.0,400.0
316,Gulpin,Poison,3,False,70.0,43.0,53.0,43.0,53.0,40.0,302.0
317,Swalot,Poison,3,False,100.0,73.0,83.0,73.0,83.0,55.0,467.0
318,Carvanha,"Water, Dark",3,False,45.0,90.0,20.0,65.0,20.0,65.0,305.0
319,Sharpedo,"Water, Dark",3,False,70.0,120.0,40.0,95.0,40.0,95.0,460.0
319,Mega Sharpedo,"Water, Dark",3,False,70.0,140.0,70.0,110.0,65.0,105.0,560.0
320,Wailmer,Water,3,False,130.0,70.0,35.0,70.0,35.0,60.0,400.0
321,Wailord,Water,3,False,170.0,90.0,45.0,90.0,45.0,60.0,500.0
322,Numel,"Fire, Ground",3,False,60.0,60.0,40.0,65.0,45.0,35.0,305.0
323,Mega Camerupt,"Fire, Ground",3,False,70.0,120.0,100.0,145.0,105.0,20.0,560.0
323,Camerupt,"Fire, Ground",3,False,70.0,100.0,70.0,105.0,75.0,40.0,460.0
324,Torkoal,Fire,3,False,70.0,85.0,140.0,85.0,70.0,20.0,470.0
325,Spoink,Psychic,3,False,60.0,25.0,35.0,70.0,80.0,60.0,330.0
326,Grumpig,Psychic,3,False,80.0,45.0,65.0,90.0,110.0,80.0,470.0
327,Spinda,Normal,3,False,60.0,60.0,60.0,60.0,60.0,60.0,360.0
328,Trapinch,Ground,3,False,0.0,131.0,59.0,45.0,45.0,10.0,290.0
329,Vibrava,"Ground, Dragon",3,False,50.0,70.0,50.0,50.0,50.0,70.0,340.0
330,Flygon,"Ground, Dragon",3,False,80.0,100.0,80.0,80.0,80.0,100.0,520.0
331,Cacnea,Grass,3,False,50.0,85.0,40.0,85.0,40.0,35.0,335.0
332,Cacturne,"Grass, Dark",3,False,70.0,115.0,60.0,115.0,60.0,55.0,475.0
333,Swablu,"Normal, Flying",3,False,45.0,40.0,60.0,40.0,75.0,50.0,310.0
334,Mega Altaria,"Dragon, Fairy",3,False,75.0,110.0,110.0,110.0,105.0,80.0,590.0
334,Altaria,"Dragon, Flying",3,False,75.0,70.0,90.0,70.0,105.0,80.0,490.0
335,Zangoose,Normal,3,False,73.0,115.0,60.0,60.0,60.0,90.0,458.0
336,Seviper,Poison,3,False,73.0,100.0,60.0,100.0,60.0,65.0,458.0
337,Lunatone,"Rock, Psychic",3,False,70.0,55.0,65.0,95.0,85.0,70.0,440.0
338,Solrock,"Rock, Psychic",3,False,70.0,95.0,85.0,55.0,65.0,70.0,440.0
339,Barboach,"Water, Ground",3,False,50.0,48.0,43.0,46.0,41.0,60.0,288.0
340,Whiscash,"Water, Ground",3,False,110.0,78.0,73.0,76.0,71.0,60.0,468.0
341,Corphish,Water,3,False,43.0,80.0,65.0,50.0,35.0,35.0,308.0
342,Crawdaunt,"Water, Dark",3,False,63.0,120.0,85.0,90.0,55.0,55.0,468.0
343,Baltoy,"Ground, Psychic",3,False,40.0,40.0,55.0,40.0,70.0,55.0,300.0
344,Claydol,"Ground, Psychic",3,False,60.0,70.0,105.0,70.0,120.0,75.0,500.0
345,Lileep,"Rock, Grass",3,False,66.0,41.0,77.0,61.0,87.0,23.0,355.0
346,Cradily,"Rock, Grass",3,False,86.0,81.0,97.0,81.0,107.0,43.0,495.0
347,Anorith,"Rock, Bug",3,False,45.0,95.0,50.0,40.0,50.0,75.0,355.0
348,Armaldo,"Rock, Bug",3,False,75.0,125.0,100.0,70.0,80.0,45.0,495.0
349,Feebas,Water,3,False,20.0,15.0,20.0,10.0,55.0,80.0,200.0
350,Milotic,Water,3,False,95.0,60.0,79.0,100.0,125.0,81.0,540.0
351,Castform,Normal,3,False,70.0,70.0,70.0,70.0,70.0,70.0,420.0
352,Kecleon,Normal,3,False,60.0,90.0,70.0,60.0,120.0,40.0,440.0
353,Shuppet,Ghost,3,False,44.0,75.0,35.0,63.0,33.0,45.0,295.0
354,Mega Banette,Ghost,3,False,64.0,165.0,75.0,93.0,83.0,75.0,555.0
354,Banette,Ghost,3,False,64.0,115.0,65.0,83.0,63.0,65.0,455.0
355,Duskull,Ghost,3,False,20.0,40.0,90.0,30.0,90.0,25.0,295.0
356,Dusclops,Ghost,3,False,40.0,70.0,130.0,60.0,130.0,25.0,455.0
357,Tropius,"Grass, Flying",3,False,99.0,68.0,83.0,72.0,87.0,51.0,460.0
358,Chimecho,Psychic,3,False,65.0,50.0,70.0,95.0,80.0,65.0,425.0
359,Absol,Dark,3,False,65.0,130.0,60.0,75.0,60.0,75.0,465.0
359,Mega Absol,Dark,3,False,65.0,150.0,60.0,115.0,60.0,115.0,565.0
360,Wynaut,Psychic,3,False,95.0,23.0,48.0,23.0,48.0,23.0,260.0
361,Snorunt,Ice,3,False,50.0,50.0,50.0,50.0,50.0,50.0,300.0
362,Glalie,Ice,3,False,80.0,80.0,80.0,80.0,80.0,80.0,480.0
362,Mega Glalie,Ice,3,False,80.0,120.0,80.0,120.0,80.0,100.0,580.0
363,Spheal,"Ice, Water",3,False,70.0,40.0,50.0,55.0,50.0,25.0,290.0
364,Sealeo,"Ice, Water",3,False,90.0,60.0,70.0,75.0,70.0,45.0,410.0
365,Walrein,"Ice, Water",3,False,110.0,80.0,90.0,95.0,90.0,65.0,530.0
366,Clamperl,Water,3,False,35.0,64.0,85.0,74.0,55.0,32.0,345.0
367,Huntail,Water,3,False,55.0,104.0,105.0,94.0,75.0,52.0,485.0
368,Gorebyss,Water,3,False,55.0,84.0,105.0,114.0,75.0,52.0,485.0
369,Relicanth,"Water, Rock",3,False,100.0,90.0,130.0,45.0,65.0,55.0,485.0
370,Luvdisc,Water,3,False,43.0,30.0,55.0,40.0,65.0,97.0,330.0
371,Bagon,Dragon,3,False,45.0,75.0,60.0,40.0,30.0,50.0,300.0
372,Shelgon,Dragon,3,False,65.0,95.0,100.0,60.0,50.0,50.0,420.0
373,Mega Salamence,"Dragon, Flying",3,False,95.0,145.0,130.0,120.0,90.0,120.0,700.0
373,Salamence,"Dragon, Flying",3,False,95.0,135.0,80.0,110.0,80.0,100.0,600.0
374,Beldum,"Steel, Psychic",3,False,40.0,55.0,80.0,35.0,60.0,30.0,300.0
375,Metang,"Steel, Psychic",3,False,60.0,75.0,100.0,55.0,80.0,50.0,420.0
376,Metagross,"Steel, Psychic",3,False,80.0,135.0,130.0,95.0,90.0,70.0,600.0
376,Mega Metagross,"Steel, Psychic",3,False,80.0,145.0,150.0,105.0,110.0,110.0,700.0
377,Regirock,Rock,3,True,80.0,100.0,200.0,50.0,100.0,50.0,580.0
378,Regice,Ice,3,True,80.0,50.0,100.0,100.0,200.0,50.0,580.0
379,Registeel,Steel,3,True,80.0,75.0,150.0,75.0,150.0,50.0,580.0
380,Mega Latias,"Dragon, Psychic",3,True,80.0,100.0,120.0,140.0,150.0,110.0,700.0
380,Latias,"Dragon, Psychic",3,True,80.0,80.0,90.0,110.0,130.0,110.0,600.0
381,Mega Latios,"Dragon, Psychic",3,True,80.0,130.0,100.0,160.0,120.0,110.0,700.0
381,Latios,"Dragon, Psychic",3,True,80.0,90.0,80.0,130.0,110.0,110.0,600.0
382,Kyogreprimal Kyogre,Water,3,True,100.0,150.0,90.0,180.0,160.0,90.0,770.0
382,Kyogre,Water,3,True,100.0,100.0,90.0,150.0,140.0,90.0,670.0
383,Groudon,Ground,3,True,100.0,150.0,140.0,100.0,90.0,90.0,670.0
383,Groudonprimal Groudon,"Ground, Fire",3,True,100.0,180.0,160.0,150.0,90.0,90.0,770.0
384,Mega Rayquaza,"Dragon, Flying",3,True,105.0,180.0,100.0,180.0,100.0,115.0,780.0
384,Rayquaza,"Dragon, Flying",3,True,105.0,150.0,90.0,150.0,90.0,95.0,680.0
385,Jirachi,"Steel, Psychic",3,True,100.0,100.0,100.0,100.0,100.0,100.0,600.0
386,Deoxysnormal Forme,Psychic,3,True,50.0,150.0,50.0,150.0,50.0,150.0,600.0
386,Deoxysspeed Forme,Psychic,3,True,50.0,95.0,90.0,95.0,90.0,180.0,600.0
386,Deoxysattack Forme,Psychic,3,True,50.0,180.0,20.0,180.0,20.0,150.0,600.0
386,Deoxysdefense Forme,Psychic,3,True,50.0,70.0,160.0,70.0,160.0,90.0,600.0
387,Turtwig,Grass,4,False,55.0,68.0,64.0,45.0,55.0,31.0,318.0
388,Grotle,Grass,4,False,75.0,89.0,85.0,55.0,65.0,36.0,405.0
389,Torterra,"Grass, Ground",4,False,95.0,109.0,105.0,75.0,85.0,56.0,525.0
390,Chimchar,Fire,4,False,44.0,58.0,44.0,58.0,44.0,61.0,309.0
391,Monferno,"Fire, Fighting",4,False,64.0,78.0,52.0,78.0,52.0,81.0,405.0
392,Infernape,"Fire, Fighting",4,False,76.0,104.0,71.0,104.0,71.0,108.0,534.0
393,Piplup,Water,4,False,53.0,51.0,53.0,61.0,56.0,40.0,314.0
394,Prinplup,Water,4,False,64.0,66.0,68.0,81.0,76.0,50.0,405.0
395,Empoleon,"Water, Steel",4,False,84.0,86.0,88.0,111.0,101.0,60.0,530.0
396,Starly,"Normal, Flying",4,False,40.0,55.0,30.0,30.0,30.0,60.0,245.0
397,Staravia,"Normal, Flying",4,False,55.0,75.0,50.0,40.0,40.0,80.0,340.0
398,Staraptor,"Normal, Flying",4,False,85.0,120.0,70.0,50.0,60.0,100.0,485.0
399,Bidoof,Normal,4,False,59.0,45.0,40.0,35.0,40.0,31.0,250.0
400,Bibarel,"Normal, Water",4,False,79.0,85.0,60.0,55.0,60.0,71.0,410.0
401,Kricketot,Bug,4,False,37.0,25.0,41.0,25.0,41.0,25.0,194.0
402,Kricketune,Bug,4,False,77.0,85.0,51.0,55.0,51.0,65.0,384.0
403,Shinx,Electric,4,False,45.0,65.0,34.0,40.0,34.0,45.0,263.0
404,Luxio,Electric,4,False,60.0,85.0,49.0,60.0,49.0,60.0,363.0
405,Luxray,Electric,4,False,80.0,120.0,79.0,95.0,79.0,70.0,523.0
406,Budew,"Grass, Poison",4,False,40.0,30.0,35.0,50.0,70.0,55.0,280.0
407,Roserade,"Grass, Poison",4,False,60.0,70.0,65.0,125.0,105.0,90.0,515.0
408,Cranidos,Rock,4,False,67.0,125.0,40.0,30.0,30.0,58.0,350.0
409,Rampardos,Rock,4,False,97.0,165.0,60.0,65.0,50.0,58.0,495.0
410,Shieldon,"Rock, Steel",4,False,30.0,110.0,309.0,42.0,88.0,30.0,609.0
411,Bastiodon,"Rock, Steel",4,False,60.0,52.0,168.0,47.0,138.0,30.0,495.0
412,Burmy,Bug,4,False,40.0,29.0,45.0,29.0,45.0,36.0,224.0
413,Wormadamtrash Cloak,"Bug, Steel",4,False,60.0,69.0,95.0,69.0,95.0,36.0,424.0
413,Wormadamsandy Cloak,"Bug, Ground",4,False,60.0,79.0,105.0,59.0,85.0,36.0,424.0
413,Wormadamplant Cloak,"Bug, Grass",4,False,60.0,59.0,85.0,79.0,105.0,36.0,424.0
414,Mothim,"Bug, Flying",4,False,70.0,94.0,50.0,94.0,50.0,66.0,424.0
415,Combee,"Bug, Flying",4,False,30.0,30.0,42.0,30.0,42.0,70.0,244.0
416,Vespiquen,"Bug, Flying",4,False,70.0,80.0,102.0,80.0,102.0,40.0,474.0
417,Pachirisu,Electric,4,False,60.0,45.0,70.0,45.0,90.0,95.0,405.0
418,Buizel,Water,4,False,55.0,65.0,35.0,60.0,30.0,85.0,330.0
419,Floatzel,Water,4,False,85.0,105.0,55.0,85.0,50.0,115.0,495.0
420,Cherubi,Grass,4,False,45.0,35.0,45.0,62.0,53.0,35.0,275.0
421,Cherrim,Grass,4,False,70.0,60.0,70.0,87.0,78.0,85.0,450.0
422,Shellos,Water,4,False,76.0,48.0,48.0,57.0,62.0,34.0,325.0
423,Gastrodon,"Water, Ground",4,False,111.0,83.0,68.0,92.0,82.0,39.0,475.0
424,Ambipom,Normal,4,False,75.0,100.0,66.0,60.0,66.0,115.0,482.0
425,Drifloon,"Ghost, Flying",4,False,90.0,50.0,34.0,60.0,44.0,70.0,348.0
426,Drifblim,"Ghost, Flying",4,False,150.0,80.0,44.0,90.0,54.0,80.0,498.0
427,Buneary,Normal,4,False,55.0,66.0,44.0,44.0,56.0,85.0,350.0
428,Lopunny,Normal,4,False,65.0,76.0,84.0,54.0,96.0,105.0,480.0
428,Mega Lopunny,"Normal, Fighting",4,False,65.0,136.0,94.0,54.0,96.0,135.0,580.0
429,Mismagius,Ghost,4,False,60.0,60.0,60.0,105.0,105.0,105.0,495.0
430,Honchkrow,"Dark, Flying",4,False,100.0,125.0,52.0,105.0,52.0,71.0,505.0
431,Glameow,Normal,4,False,49.0,55.0,42.0,42.0,37.0,85.0,310.0
432,Purugly,Normal,4,False,71.0,82.0,64.0,64.0,59.0,112.0,452.0
433,Chingling,Psychic,4,False,45.0,30.0,50.0,65.0,50.0,45.0,285.0
434,Stunky,"Poison, Dark",4,False,63.0,63.0,47.0,41.0,41.0,74.0,329.0
435,Skuntank,"Poison, Dark",4,False,103.0,93.0,67.0,71.0,61.0,84.0,479.0
436,Bronzor,"Steel, Psychic",4,False,57.0,24.0,86.0,24.0,86.0,23.0,300.0
437,Bronzong,"Steel, Psychic",4,False,67.0,89.0,116.0,79.0,116.0,33.0,500.0
438,Bonsly,Rock,4,False,50.0,80.0,95.0,10.0,45.0,10.0,290.0
439,Mime Jr.,"Psychic, Fairy",4,False,20.0,25.0,45.0,70.0,90.0,60.0,310.0
440,Happiny,Normal,4,False,100.0,5.0,5.0,15.0,65.0,30.0,220.0
441,Chatot,"Normal, Flying",4,False,76.0,65.0,45.0,92.0,42.0,91.0,411.0
442,Spiritomb,"Ghost, Dark",4,False,50.0,92.0,108.0,92.0,108.0,35.0,485.0
443,Gible,"Dragon, Ground",4,False,58.0,70.0,45.0,40.0,45.0,42.0,300.0
444,Gabite,"Dragon, Ground",4,False,68.0,90.0,65.0,50.0,55.0,82.0,410.0
445,Garchomp,"Dragon, Ground",4,False,108.0,130.0,95.0,80.0,85.0,102.0,600.0
445,Mega Garchomp,"Dragon, Ground",4,False,108.0,170.0,115.0,120.0,95.0,92.0,700.0
446,Munchlax,Normal,4,False,135.0,85.0,40.0,40.0,85.0,5.0,390.0
447,Riolu,Fighting,4,False,40.0,70.0,40.0,35.0,40.0,60.0,285.0
448,Mega Lucario,"Fighting, Steel",4,False,70.0,145.0,88.0,140.0,70.0,112.0,625.0
448,Lucario,"Fighting, Steel",4,False,70.0,110.0,70.0,115.0,70.0,90.0,525.0
449,Hippopotas,Ground,4,False,68.0,72.0,78.0,38.0,42.0,32.0,330.0
450,Hippowdon,Ground,4,False,108.0,112.0,118.0,68.0,72.0,47.0,525.0
451,Skorupi,"Poison, Bug",4,False,40.0,50.0,90.0,30.0,55.0,65.0,330.0
452,Drapion,"Poison, Dark",4,False,70.0,90.0,110.0,60.0,75.0,95.0,500.0
453,Croagunk,"Poison, Fighting",4,False,48.0,61.0,40.0,61.0,40.0,50.0,300.0
454,Toxicroak,"Poison, Fighting",4,False,83.0,106.0,65.0,86.0,65.0,85.0,490.0
455,Carnivine,Grass,4,False,74.0,100.0,72.0,90.0,72.0,46.0,454.0
456,Finneon,Water,4,False,49.0,49.0,56.0,49.0,61.0,66.0,330.0
457,Lumineon,Water,4,False,69.0,69.0,76.0,69.0,86.0,91.0,460.0
458,Mantyke,"Water, Flying",4,False,45.0,20.0,50.0,60.0,120.0,50.0,345.0
459,Snover,"Grass, Ice",4,False,60.0,62.0,50.0,62.0,60.0,40.0,334.0
460,Abomasnow,"Grass, Ice",4,False,90.0,92.0,75.0,92.0,85.0,60.0,494.0
460,Mega Abomasnow,"Grass, Ice",4,False,90.0,132.0,105.0,132.0,105.0,30.0,594.0
461,Weavile,"Dark, Ice",4,False,70.0,120.0,65.0,45.0,85.0,125.0,510.0
462,Magnezone,"Electric, Steel",4,False,70.0,70.0,115.0,130.0,90.0,60.0,535.0
463,Lickilicky,Normal,4,False,110.0,85.0,95.0,80.0,95.0,50.0,515.0
464,Rhyperior,"Ground, Rock",4,False,115.0,140.0,130.0,55.0,55.0,40.0,535.0
465,Tangrowth,Grass,4,False,100.0,100.0,125.0,110.0,50.0,50.0,535.0
466,Electivire,Electric,4,False,75.0,123.0,67.0,95.0,85.0,95.0,540.0
467,Magmortar,Fire,4,False,75.0,95.0,67.0,125.0,95.0,83.0,540.0
468,Togekiss,"Fairy, Flying",4,False,85.0,50.0,95.0,120.0,115.0,80.0,545.0
469,Yanmega,"Bug, Flying",4,False,86.0,76.0,86.0,116.0,56.0,95.0,515.0
470,Leafeon,Grass,4,False,65.0,110.0,130.0,60.0,65.0,95.0,525.0
471,Glaceon,Ice,4,False,65.0,60.0,110.0,130.0,95.0,65.0,525.0
472,Gliscor,"Ground, Flying",4,False,75.0,95.0,125.0,45.0,75.0,95.0,510.0
473,Mamoswine,"Ice, Ground",4,False,110.0,130.0,80.0,70.0,60.0,80.0,530.0
474,Porygon-Z,Normal,4,False,85.0,80.0,70.0,135.0,75.0,90.0,535.0
475,Mega Gallade,"Psychic, Fighting",4,False,68.0,165.0,95.0,65.0,115.0,110.0,618.0
475,Gallade,"Psychic, Fighting",4,False,68.0,125.0,65.0,65.0,115.0,80.0,518.0
476,Probopass,"Rock, Steel",4,False,60.0,55.0,145.0,75.0,150.0,40.0,525.0
477,Dusknoir,Ghost,4,False,45.0,100.0,135.0,65.0,135.0,45.0,525.0
478,Froslass,"Ice, Ghost",4,False,70.0,80.0,70.0,80.0,70.0,110.0,480.0
479,Rotomwash Rotom,"Electric, Water",4,False,50.0,65.0,107.0,105.0,107.0,86.0,520.0
479,Rotomfan Rotom,"Electric, Flying",4,False,68.0,68.0,68.0,68.0,68.0,68.0,520.0
479,Rotomfrost Rotom,"Electric, Ice",4,False,50.0,65.0,107.0,105.0,107.0,86.0,520.0
479,Rotom,"Electric, Ghost",4,False,50.0,50.0,77.0,95.0,77.0,91.0,440.0
479,Rotomheat Rotom,"Electric, Fire",4,False,50.0,65.0,107.0,105.0,107.0,86.0,520.0
479,Rotommow Rotom,"Electric, Grass",4,False,50.0,65.0,107.0,105.0,107.0,86.0,520.0
480,Uxie,Psychic,4,True,75.0,75.0,130.0,75.0,130.0,95.0,580.0
481,Mesprit,Psychic,4,True,80.0,105.0,105.0,105.0,105.0,80.0,580.0
482,Azelf,Psychic,4,True,75.0,125.0,70.0,125.0,70.0,115.0,580.0
483,Dialga,"Steel, Dragon",4,True,100.0,120.0,120.0,150.0,100.0,90.0,680.0
484,Palkia,"Water, Dragon",4,True,90.0,120.0,100.0,150.0,120.0,100.0,680.0
485,Heatran,"Fire, Steel",4,True,91.0,90.0,106.0,130.0,106.0,77.0,600.0
486,Regigigas,Normal,4,True,110.0,160.0,110.0,80.0,110.0,100.0,670.0
487,Giratinaorigin Forme,"Ghost, Dragon",4,True,150.0,120.0,100.0,120.0,100.0,90.0,680.0
487,Giratinaaltered Forme,"Ghost, Dragon",4,True,150.0,100.0,120.0,100.0,120.0,90.0,680.0
488,Cresselia,Psychic,4,False,120.0,70.0,120.0,75.0,130.0,85.0,600.0
489,Phione,Water,4,False,80.0,80.0,80.0,80.0,80.0,80.0,480.0
490,Manaphy,Water,4,False,100.0,100.0,100.0,100.0,100.0,100.0,600.0
491,Darkrai,Dark,4,True,70.0,90.0,90.0,135.0,90.0,125.0,600.0
492,Shayminland Forme,Grass,4,True,100.0,100.0,100.0,100.0,100.0,100.0,600.0
492,Shayminsky Forme,"Grass, Flying",4,True,100.0,103.0,75.0,120.0,75.0,127.0,600.0
493,Arceus,Normal,5,True,120.0,120.0,120.0,120.0,120.0,120.0,720.0
494,Victini,"Psychic, Fire",5,True,100.0,100.0,100.0,100.0,100.0,100.0,600.0
495,Snivy,Grass,5,False,45.0,45.0,55.0,45.0,55.0,63.0,308.0
496,Servine,Grass,5,False,60.0,60.0,75.0,60.0,75.0,83.0,413.0
497,Serperior,Grass,5,False,75.0,75.0,95.0,75.0,95.0,113.0,528.0
498,Tepig,Fire,5,False,65.0,63.0,45.0,45.0,45.0,45.0,308.0
499,Pignite,"Fire, Fighting",5,False,90.0,93.0,55.0,70.0,55.0,55.0,418.0
500,Emboar,"Fire, Fighting",5,False,88.0,88.0,88.0,88.0,88.0,88.0,528.0
501,Oshawott,Water,5,False,55.0,55.0,45.0,63.0,45.0,45.0,308.0
502,Dewott,Water,5,False,75.0,75.0,60.0,83.0,60.0,60.0,413.0
503,Samurott,Water,5,False,95.0,100.0,85.0,108.0,70.0,70.0,528.0
504,Patrat,Normal,5,False,45.0,55.0,39.0,35.0,39.0,42.0,255.0
505,Watchog,Normal,5,False,60.0,85.0,69.0,60.0,69.0,77.0,420.0
506,Lillipup,Normal,5,False,45.0,60.0,45.0,25.0,45.0,55.0,275.0
507,Herdier,Normal,5,False,65.0,80.0,65.0,35.0,65.0,60.0,370.0
508,Stoutland,Normal,5,False,85.0,110.0,90.0,45.0,90.0,80.0,500.0
509,Purrloin,Dark,5,False,41.0,50.0,37.0,50.0,37.0,66.0,281.0
510,Liepard,Dark,5,False,64.0,88.0,50.0,88.0,50.0,106.0,446.0
511,Pansage,Grass,5,False,50.0,53.0,48.0,53.0,48.0,64.0,316.0
512,Simisage,Grass,5,False,75.0,98.0,63.0,98.0,63.0,101.0,498.0
513,Pansear,Fire,5,False,50.0,53.0,48.0,53.0,48.0,64.0,316.0
514,Simisear,Fire,5,False,75.0,98.0,63.0,98.0,63.0,101.0,498.0
515,Panpour,Water,5,False,50.0,53.0,48.0,53.0,48.0,64.0,316.0
516,Simipour,Water,5,False,75.0,98.0,63.0,98.0,63.0,101.0,498.0
517,Munna,Psychic,5,False,76.0,25.0,45.0,67.0,55.0,24.0,292.0
518,Musharna,Psychic,5,False,116.0,55.0,85.0,107.0,95.0,29.0,487.0
519,Pidove,"Normal, Flying",5,False,50.0,55.0,50.0,36.0,30.0,43.0,264.0
520,Tranquill,"Normal, Flying",5,False,62.0,77.0,62.0,50.0,42.0,65.0,358.0
521,Unfezant,"Normal, Flying",5,False,80.0,115.0,80.0,65.0,55.0,93.0,488.0
522,Blitzle,Electric,5,False,45.0,60.0,32.0,50.0,32.0,76.0,295.0
523,Zebstrika,Electric,5,False,75.0,100.0,63.0,80.0,63.0,116.0,497.0
524,Roggenrola,Rock,5,False,55.0,75.0,85.0,25.0,25.0,15.0,280.0
525,Boldore,Rock,5,False,70.0,105.0,105.0,50.0,40.0,20.0,390.0
526,Gigalith,Rock,5,False,85.0,135.0,130.0,60.0,80.0,25.0,515.0
527,Woobat,"Psychic, Flying",5,False,55.0,45.0,43.0,55.0,43.0,72.0,313.0
528,Swoobat,"Psychic, Flying",5,False,67.0,57.0,55.0,77.0,55.0,114.0,425.0
529,Drilbur,Ground,5,False,60.0,85.0,40.0,30.0,45.0,68.0,328.0
530,Excadrill,"Ground, Steel",5,False,110.0,135.0,60.0,50.0,65.0,88.0,508.0
531,Audino,Normal,5,False,103.0,60.0,86.0,60.0,86.0,50.0,445.0
531,Mega Audino,"Normal, Fairy",5,False,103.0,60.0,126.0,80.0,126.0,50.0,545.0
532,Timburr,Fighting,5,False,75.0,80.0,55.0,25.0,35.0,35.0,305.0
533,Gurdurr,Fighting,5,False,85.0,105.0,85.0,40.0,50.0,40.0,405.0
534,Conkeldurr,Fighting,5,False,105.0,140.0,95.0,55.0,65.0,45.0,505.0
535,Tympole,Water,5,False,50.0,50.0,40.0,50.0,40.0,64.0,294.0
536,Palpitoad,"Water, Ground",5,False,75.0,65.0,55.0,65.0,55.0,69.0,384.0
537,Seismitoad,"Water, Ground",5,False,105.0,95.0,75.0,85.0,75.0,74.0,509.0
538,Throh,Fighting,5,False,120.0,100.0,85.0,30.0,85.0,45.0,465.0
539,Sawk,Fighting,5,False,75.0,125.0,75.0,30.0,75.0,85.0,465.0
540,Sewaddle,"Bug, Grass",5,False,45.0,53.0,70.0,40.0,60.0,42.0,310.0
541,Swadloon,"Bug, Grass",5,False,55.0,63.0,90.0,50.0,80.0,42.0,380.0
542,Leavanny,"Bug, Grass",5,False,75.0,103.0,80.0,70.0,80.0,92.0,500.0
543,Venipede,"Bug, Poison",5,False,30.0,45.0,59.0,30.0,39.0,57.0,260.0
544,Whirlipede,"Bug, Poison",5,False,40.0,55.0,99.0,40.0,79.0,47.0,360.0
545,Scolipede,"Bug, Poison",5,False,60.0,100.0,89.0,55.0,69.0,112.0,485.0
546,Cottonee,"Grass, Fairy",5,False,40.0,27.0,60.0,37.0,50.0,66.0,280.0
547,Whimsicott,"Grass, Fairy",5,False,60.0,67.0,85.0,77.0,75.0,116.0,480.0
548,Petilil,Grass,5,False,45.0,35.0,50.0,70.0,50.0,30.0,280.0
549,Lilligant,Grass,5,False,70.0,60.0,75.0,110.0,75.0,90.0,480.0
550,Basculin,Water,5,False,70.0,92.0,65.0,80.0,55.0,98.0,460.0
551,Sandile,"Ground, Dark",5,False,50.0,72.0,35.0,35.0,35.0,65.0,292.0
552,Krokorok,"Ground, Dark",5,False,60.0,82.0,45.0,45.0,45.0,74.0,351.0
553,Krookodile,"Ground, Dark",5,False,95.0,117.0,80.0,65.0,70.0,92.0,519.0
554,Darumaka,Fire,5,False,70.0,90.0,45.0,15.0,45.0,50.0,315.0
555,Darmanitanzen Mode,"Fire, Psychic",5,False,105.0,30.0,105.0,140.0,105.0,55.0,540.0
555,Darmanitanstandard Mode,Fire,5,False,105.0,140.0,55.0,30.0,55.0,95.0,480.0
556,Maractus,Grass,5,False,75.0,86.0,67.0,106.0,67.0,60.0,461.0
557,Dwebble,"Bug, Rock",5,False,50.0,65.0,85.0,35.0,35.0,55.0,325.0
558,Crustle,"Bug, Rock",5,False,70.0,95.0,125.0,65.0,75.0,45.0,475.0
559,Scraggy,"Dark, Fighting",5,False,50.0,75.0,70.0,35.0,70.0,48.0,348.0
560,Scrafty,"Dark, Fighting",5,False,65.0,90.0,115.0,45.0,115.0,58.0,488.0
561,Sigilyph,"Psychic, Flying",5,False,72.0,58.0,80.0,103.0,80.0,97.0,490.0
562,Yamask,Ghost,5,False,38.0,30.0,85.0,55.0,65.0,30.0,303.0
563,Cofagrigus,Ghost,5,False,58.0,50.0,145.0,95.0,105.0,30.0,483.0
564,Tirtouga,"Water, Rock",5,False,54.0,78.0,103.0,53.0,45.0,22.0,355.0
565,Carracosta,"Water, Rock",5,False,74.0,108.0,133.0,83.0,65.0,32.0,495.0
566,Archen,"Rock, Flying",5,False,55.0,112.0,45.0,74.0,45.0,70.0,401.0
567,Archeops,"Rock, Flying",5,False,75.0,140.0,65.0,112.0,65.0,110.0,567.0
568,Trubbish,Poison,5,False,50.0,50.0,62.0,40.0,62.0,65.0,329.0
569,Garbodor,Poison,5,False,80.0,95.0,82.0,60.0,82.0,75.0,474.0
570,Zorua,Dark,5,False,40.0,65.0,40.0,80.0,40.0,65.0,330.0
571,Zoroark,Dark,5,False,60.0,105.0,60.0,120.0,60.0,105.0,510.0
572,Minccino,Normal,5,False,55.0,50.0,40.0,40.0,40.0,75.0,300.0
573,Cinccino,Normal,5,False,75.0,95.0,60.0,65.0,60.0,115.0,470.0
574,Gothita,Psychic,5,False,45.0,30.0,50.0,55.0,65.0,45.0,290.0
575,Gothorita,Psychic,5,False,60.0,45.0,70.0,75.0,85.0,55.0,390.0
576,Gothitelle,Psychic,5,False,70.0,55.0,95.0,95.0,110.0,65.0,490.0
577,Solosis,Psychic,5,False,45.0,30.0,40.0,105.0,50.0,20.0,290.0
578,Duosion,Psychic,5,False,65.0,40.0,50.0,125.0,60.0,30.0,370.0
579,Reuniclus,Psychic,5,False,110.0,65.0,75.0,125.0,85.0,30.0,490.0
580,Ducklett,"Water, Flying",5,False,62.0,44.0,50.0,44.0,50.0,55.0,305.0
581,Swanna,"Water, Flying",5,False,75.0,87.0,63.0,87.0,63.0,98.0,473.0
582,Vanillite,Ice,5,False,40.0,40.0,40.0,40.0,40.0,40.0,305.0
583,Vanillish,Ice,5,False,51.0,65.0,65.0,80.0,75.0,59.0,395.0
584,Vanilluxe,Ice,5,False,71.0,95.0,85.0,110.0,95.0,79.0,535.0
585,Deerling,"Normal, Grass",5,False,60.0,60.0,50.0,40.0,50.0,75.0,335.0
586,Sawsbuck,"Normal, Grass",5,False,80.0,100.0,70.0,60.0,70.0,95.0,475.0
587,Emolga,"Electric, Flying",5,False,55.0,75.0,60.0,75.0,60.0,103.0,428.0
588,Karrablast,Bug,5,False,50.0,75.0,45.0,40.0,45.0,60.0,315.0
589,Escavalier,"Bug, Steel",5,False,70.0,135.0,105.0,60.0,105.0,20.0,495.0
590,Foongus,"Grass, Poison",5,False,69.0,55.0,45.0,55.0,55.0,15.0,294.0
591,Amoonguss,"Grass, Poison",5,False,114.0,85.0,70.0,85.0,80.0,30.0,464.0
592,Frillish,"Water, Ghost",5,False,55.0,40.0,50.0,65.0,85.0,40.0,335.0
593,Jellicent,"Water, Ghost",5,False,100.0,60.0,70.0,85.0,105.0,60.0,480.0
594,Alomomola,Water,5,False,165.0,75.0,80.0,40.0,45.0,65.0,470.0
595,Joltik,"Bug, Electric",5,False,50.0,47.0,50.0,57.0,50.0,65.0,319.0
596,Galvantula,"Bug, Electric",5,False,70.0,77.0,60.0,97.0,60.0,108.0,472.0
597,Ferroseed,"Grass, Steel",5,False,44.0,50.0,91.0,24.0,86.0,10.0,305.0
598,Ferrothorn,"Grass, Steel",5,False,74.0,94.0,131.0,54.0,116.0,20.0,489.0
599,Klink,Steel,5,False,40.0,55.0,70.0,45.0,60.0,30.0,300.0
600,Klang,Steel,5,False,60.0,80.0,95.0,70.0,85.0,50.0,440.0
601,Klinklang,Steel,5,False,60.0,100.0,115.0,70.0,85.0,90.0,520.0
602,Tynamo,Electric,5,False,35.0,55.0,40.0,45.0,40.0,60.0,275.0
603,Eelektrik,Electric,5,False,65.0,85.0,70.0,75.0,70.0,40.0,405.0
604,Eelektross,Electric,5,False,85.0,115.0,80.0,105.0,80.0,50.0,515.0
605,Elgyem,Psychic,5,False,55.0,55.0,55.0,85.0,55.0,30.0,335.0
606,Beheeyem,Psychic,5,False,75.0,75.0,75.0,125.0,95.0,40.0,485.0
607,Litwick,"Ghost, Fire",5,False,50.0,30.0,55.0,65.0,55.0,20.0,275.0
608,Lampent,"Ghost, Fire",5,False,60.0,40.0,60.0,95.0,60.0,55.0,370.0
609,Chandelure,"Ghost, Fire",5,False,60.0,55.0,90.0,145.0,90.0,80.0,520.0
610,Axew,Dragon,5,False,46.0,87.0,60.0,30.0,40.0,57.0,320.0
611,Fraxure,Dragon,5,False,66.0,117.0,70.0,40.0,50.0,67.0,410.0
612,Haxorus,Dragon,5,False,76.0,147.0,90.0,60.0,70.0,97.0,540.0
613,Cubchoo,Ice,5,False,55.0,70.0,40.0,60.0,40.0,40.0,305.0
614,Beartic,Ice,5,False,95.0,110.0,80.0,70.0,80.0,50.0,485.0
615,Cryogonal,Ice,5,False,70.0,50.0,30.0,95.0,135.0,105.0,485.0
616,Shelmet,Bug,5,False,50.0,40.0,85.0,40.0,65.0,25.0,305.0
617,Accelgor,Bug,5,False,80.0,70.0,40.0,100.0,60.0,145.0,495.0
618,Stunfisk,"Ground, Electric",5,False,109.0,66.0,84.0,81.0,99.0,32.0,471.0
619,Mienfoo,Fighting,5,False,45.0,85.0,50.0,55.0,50.0,65.0,350.0
620,Mienshao,Fighting,5,False,65.0,125.0,60.0,95.0,60.0,105.0,510.0
621,Druddigon,Dragon,5,False,77.0,120.0,90.0,60.0,90.0,48.0,485.0
622,Golett,"Ground, Ghost",5,False,59.0,74.0,50.0,35.0,50.0,35.0,303.0
623,Golurk,"Ground, Ghost",5,False,89.0,124.0,80.0,55.0,80.0,55.0,483.0
624,Pawniard,"Dark, Steel",5,False,45.0,85.0,70.0,40.0,40.0,60.0,340.0
625,Bisharp,"Dark, Steel",5,False,65.0,125.0,100.0,60.0,70.0,70.0,490.0
626,Bouffalant,Normal,5,False,95.0,110.0,95.0,40.0,95.0,55.0,490.0
627,Rufflet,"Normal, Flying",5,False,70.0,83.0,50.0,37.0,50.0,60.0,350.0
628,Braviary,"Normal, Flying",5,False,100.0,123.0,75.0,57.0,75.0,80.0,510.0
629,Vullaby,"Dark, Flying",5,False,70.0,55.0,75.0,45.0,65.0,60.0,370.0
630,Mandibuzz,"Dark, Flying",5,False,110.0,65.0,105.0,55.0,95.0,80.0,510.0
631,Heatmor,Fire,5,False,85.0,97.0,66.0,105.0,66.0,65.0,484.0
632,Durant,"Bug, Steel",5,False,58.0,109.0,112.0,48.0,48.0,109.0,484.0
633,Deino,"Dark, Dragon",5,False,52.0,65.0,50.0,45.0,50.0,38.0,300.0
634,Zweilous,"Dark, Dragon",5,False,72.0,85.0,70.0,65.0,70.0,58.0,420.0
635,Hydreigon,"Dark, Dragon",5,False,92.0,105.0,90.0,125.0,90.0,98.0,600.0
636,Larvesta,"Bug, Fire",5,False,55.0,85.0,55.0,50.0,55.0,60.0,360.0
637,Volcarona,"Bug, Fire",5,False,85.0,60.0,65.0,135.0,105.0,100.0,550.0
638,Cobalion,"Steel, Fighting",5,True,91.0,90.0,129.0,90.0,72.0,108.0,580.0
639,Terrakion,"Rock, Fighting",5,True,91.0,129.0,90.0,72.0,90.0,108.0,580.0
640,Virizion,"Grass, Fighting",5,True,91.0,90.0,72.0,90.0,129.0,108.0,580.0
641,Tornadusincarnate Forme,Flying,5,True,79.0,115.0,70.0,125.0,80.0,111.0,580.0
641,Tornadustherian Forme,Flying,5,True,79.0,100.0,80.0,110.0,90.0,121.0,580.0
642,Thundurustherian Forme,"Electric, Flying",5,True,79.0,105.0,70.0,145.0,80.0,101.0,580.0
642,Thundurusincarnate Forme,"Electric, Flying",5,True,79.0,115.0,70.0,125.0,80.0,111.0,580.0
643,Reshiram,"Dragon, Fire",5,True,100.0,120.0,100.0,150.0,120.0,90.0,680.0
644,Zekrom,"Dragon, Electric",5,True,100.0,150.0,120.0,120.0,100.0,90.0,680.0
645,Landorustherian Forme,"Ground, Flying",5,True,89.0,145.0,90.0,105.0,80.0,91.0,600.0
645,Landorusincarnate Forme,"Ground, Flying",5,True,89.0,125.0,90.0,115.0,80.0,101.0,600.0
646,Kyurem,"Dragon, Ice",5,True,125.0,130.0,90.0,130.0,90.0,95.0,660.0
646,Kyuremwhite Kyurem,"Dragon, Ice",5,True,125.0,120.0,90.0,170.0,100.0,95.0,700.0
646,Kyuremblack Kyurem,"Dragon, Ice",5,True,125.0,170.0,100.0,120.0,90.0,95.0,700.0
647,Keldeoresolute Forme,"Water, Fighting",5,False,91.0,72.0,90.0,129.0,90.0,108.0,580.0
647,Keldeoordinary Forme,"Water, Fighting",5,False,91.0,72.0,90.0,129.0,90.0,108.0,580.0
648,Meloettapirouette Forme,"Normal, Fighting",5,False,100.0,128.0,90.0,77.0,77.0,128.0,600.0
648,Meloettaaria Forme,"Normal, Psychic",5,False,100.0,77.0,77.0,128.0,128.0,90.0,600.0
649,Genesect,"Bug, Steel",5,False,71.0,120.0,95.0,120.0,95.0,99.0,600.0
650,Chespin,Grass,6,False,56.0,61.0,65.0,48.0,45.0,38.0,313.0
651,Quilladin,Grass,6,False,61.0,78.0,95.0,56.0,58.0,57.0,405.0
652,Chesnaught,"Grass, Fighting",6,False,88.0,107.0,122.0,74.0,75.0,64.0,530.0
653,Fennekin,Fire,6,False,40.0,45.0,40.0,62.0,60.0,60.0,307.0
654,Braixen,Fire,6,False,59.0,59.0,58.0,90.0,70.0,73.0,409.0
655,Delphox,"Fire, Psychic",6,False,75.0,69.0,72.0,114.0,100.0,104.0,534.0
656,Froakie,Water,6,False,41.0,56.0,40.0,62.0,44.0,71.0,314.0
657,Frogadier,Water,6,False,54.0,63.0,52.0,83.0,56.0,97.0,405.0
658,Greninja,"Water, Dark",6,False,72.0,95.0,67.0,103.0,71.0,122.0,530.0
659,Bunnelby,Normal,6,False,38.0,36.0,38.0,32.0,36.0,57.0,237.0
660,Diggersby,"Normal, Ground",6,False,85.0,56.0,77.0,50.0,77.0,78.0,423.0
661,Fletchling,"Normal, Flying",6,False,45.0,50.0,43.0,40.0,38.0,62.0,278.0
662,Fletchinder,"Fire, Flying",6,False,62.0,73.0,55.0,56.0,52.0,84.0,382.0
663,Talonflame,"Fire, Flying",6,False,78.0,81.0,71.0,74.0,69.0,126.0,499.0
664,Scatterbug,Bug,6,False,38.0,35.0,40.0,27.0,25.0,35.0,200.0
665,Spewpa,Bug,6,False,45.0,22.0,60.0,27.0,30.0,29.0,213.0
666,Vivillon,"Bug, Flying",6,False,80.0,52.0,50.0,90.0,50.0,89.0,411.0
667,Litleo,"Fire, Normal",6,False,62.0,50.0,58.0,73.0,54.0,72.0,369.0
668,Pyroar,"Fire, Normal",6,False,86.0,68.0,72.0,109.0,66.0,106.0,507.0
669,Flabébé,Fairy,6,False,44.0,38.0,39.0,61.0,79.0,42.0,303.0
670,Floette,Fairy,6,False,54.0,45.0,47.0,75.0,98.0,52.0,371.0
671,Florges,Fairy,6,False,78.0,65.0,68.0,112.0,154.0,75.0,552.0
672,Skiddo,Grass,6,False,66.0,65.0,48.0,62.0,57.0,52.0,350.0
673,Gogoat,Grass,6,False,123.0,100.0,62.0,97.0,81.0,68.0,531.0
674,Pancham,Fighting,6,False,67.0,82.0,62.0,46.0,48.0,43.0,348.0
675,Pangoro,"Fighting, Dark",6,False,95.0,124.0,78.0,69.0,71.0,58.0,495.0
676,Furfrou,Normal,6,False,75.0,80.0,60.0,65.0,90.0,102.0,472.0
677,Espurr,Psychic,6,False,62.0,48.0,54.0,63.0,60.0,68.0,355.0
678,Meowsticfemale,Psychic,6,False,74.0,48.0,76.0,83.0,81.0,104.0,466.0
678,Meowsticmale,Psychic,6,False,74.0,48.0,76.0,83.0,81.0,104.0,466.0
679,Honedge,"Steel, Ghost",6,False,45.0,80.0,100.0,35.0,37.0,28.0,325.0
680,Doublade,"Steel, Ghost",6,False,59.0,110.0,150.0,45.0,49.0,35.0,448.0
681,Aegislashshield Forme,"Steel, Ghost",6,False,60.0,50.0,150.0,50.0,150.0,60.0,520.0
681,Aegislashblade Forme,"Steel, Ghost",6,False,60.0,150.0,50.0,150.0,50.0,60.0,520.0
682,Spritzee,Fairy,6,False,78.0,52.0,60.0,63.0,65.0,23.0,341.0
683,Aromatisse,Fairy,6,False,101.0,72.0,72.0,99.0,89.0,29.0,462.0
684,Swirlix,Fairy,6,False,62.0,48.0,66.0,59.0,57.0,49.0,341.0
685,Slurpuff,Fairy,6,False,82.0,80.0,86.0,85.0,75.0,72.0,480.0
686,Inkay,"Dark, Psychic",6,False,53.0,54.0,53.0,37.0,46.0,45.0,288.0
687,Malamar,"Dark, Psychic",6,False,86.0,92.0,88.0,68.0,75.0,73.0,482.0
688,Binacle,"Rock, Water",6,False,42.0,52.0,67.0,39.0,56.0,50.0,306.0
689,Barbaracle,"Rock, Water",6,False,72.0,105.0,115.0,54.0,86.0,68.0,500.0
690,Skrelp,"Poison, Water",6,False,50.0,60.0,60.0,60.0,60.0,30.0,320.0
691,Dragalge,"Poison, Dragon",6,False,65.0,75.0,90.0,97.0,123.0,44.0,494.0
692,Clauncher,Water,6,False,50.0,53.0,62.0,58.0,63.0,44.0,330.0
693,Clawitzer,Water,6,False,71.0,73.0,88.0,120.0,89.0,59.0,500.0
694,Helioptile,"Electric, Normal",6,False,44.0,38.0,33.0,61.0,43.0,70.0,289.0
695,Heliolisk,"Electric, Normal",6,False,62.0,55.0,52.0,109.0,94.0,109.0,481.0
696,Tyrunt,"Rock, Dragon",6,False,58.0,89.0,77.0,45.0,45.0,48.0,362.0
697,Tyrantrum,"Rock, Dragon",6,False,82.0,121.0,119.0,69.0,59.0,71.0,521.0
698,Amaura,"Rock, Ice",6,False,77.0,59.0,50.0,67.0,63.0,46.0,362.0
699,Aurorus,"Rock, Ice",6,False,123.0,77.0,72.0,99.0,92.0,58.0,521.0
700,Sylveon,Fairy,6,False,95.0,65.0,65.0,110.0,130.0,60.0,525.0
701,Hawlucha,"Fighting, Flying",6,False,78.0,92.0,75.0,74.0,63.0,118.0,500.0
702,Dedenne,"Electric, Fairy",6,False,67.0,58.0,57.0,81.0,67.0,101.0,431.0
703,Carbink,"Rock, Fairy",6,False,50.0,50.0,150.0,50.0,150.0,50.0,500.0
704,Goomy,Dragon,6,False,45.0,50.0,35.0,55.0,75.0,40.0,300.0
705,Sliggoo,Dragon,6,False,68.0,75.0,53.0,83.0,113.0,60.0,452.0
706,Goodra,Dragon,6,False,90.0,100.0,70.0,110.0,150.0,80.0,600.0
707,Klefki,"Steel, Fairy",6,False,57.0,80.0,91.0,80.0,87.0,75.0,470.0
708,Phantump,"Ghost, Grass",6,False,43.0,70.0,48.0,50.0,60.0,38.0,309.0
709,Trevenant,"Ghost, Grass",6,False,85.0,110.0,76.0,65.0,82.0,56.0,474.0
710,Pumpkaboosmall Size,"Ghost, Grass",6,False,44.0,66.0,70.0,44.0,55.0,56.0,335.0
710,Pumpkaboolarge Size,"Ghost, Grass",6,False,54.0,66.0,70.0,44.0,55.0,46.0,335.0
710,Pumpkabooaverage Size,"Ghost, Grass",6,False,49.0,66.0,70.0,44.0,55.0,51.0,335.0
710,Pumpkaboosuper Size,"Ghost, Grass",6,False,59.0,66.0,70.0,44.0,55.0,41.0,335.0
711,Gourgeistsuper Size,"Ghost, Grass",6,False,85.0,100.0,122.0,58.0,75.0,54.0,494.0
711,Gourgeistlarge Size,"Ghost, Grass",6,False,75.0,95.0,122.0,58.0,75.0,69.0,494.0
711,Gourgeistsmall Size,"Ghost, Grass",6,False,55.0,85.0,122.0,58.0,75.0,99.0,494.0
711,Gourgeistaverage Size,"Ghost, Grass",6,False,65.0,90.0,122.0,58.0,75.0,84.0,494.0
712,Bergmite,Ice,6,False,55.0,69.0,85.0,32.0,35.0,28.0,304.0
713,Avalugg,Ice,6,False,45.0,45.0,45.0,45.0,45.0,45.0,514.0
714,Noibat,"Flying, Dragon",6,False,40.0,30.0,35.0,45.0,40.0,55.0,245.0
715,Noivern,"Flying, Dragon",6,False,85.0,70.0,80.0,97.0,80.0,123.0,535.0
716,Xerneas,Fairy,6,True,126.0,131.0,95.0,131.0,98.0,99.0,680.0
717,Yveltal,"Dark, Flying",6,True,126.0,131.0,95.0,131.0,98.0,99.0,680.0
718,Zygarde50% Forme,"Dragon, Ground",6,True,108.0,100.0,121.0,81.0,95.0,95.0,600.0
719,Mega Diancie,"Rock, Fairy",6,True,50.0,160.0,110.0,160.0,110.0,110.0,700.0
719,Diancie,"Rock, Fairy",6,True,50.0,100.0,150.0,100.0,150.0,50.0,600.0
720,Hoopahoopa Unbound,"Psychic, Dark",6,True,80.0,160.0,60.0,170.0,130.0,80.0,680.0
720,Hoopahoopa Confined,"Psychic, Ghost",6,True,80.0,110.0,60.0,150.0,130.0,70.0,600.0
721,Volcanion,"Fire, Water",6,True,80.0,110.0,120.0,130.0,90.0,70.0,600.0
